name,MDVP:Fo(Hz),MDVP:Fhi(Hz),MDVP:Flo(Hz),MDVP:Jitter(%),MDVP:Jitter(Abs),MDVP:RAP,MDVP:PPQ,Jitter:DDP,MDVP:Shimmer,MDVP:Shimmer(dB),Shimmer:APQ3,Shimmer:APQ5,MDVP:APQ,Shimmer:DDA,NHR,HNR,status,RPDE,DFA,spread1,spread2,D2,PPE
early_patient_1,180.50000,195.40000,165.20000,0.00520,0.00004,0.00280,0.00320,0.00840,0.02200,0.22000,0.01150,0.01380,0.01890,0.03450,0.00820,24.50000,1,0.450000,0.780000,-5.200000,0.240000,2.100000,0.200000
early_patient_2,175.30000,190.10000,160.80000,0.00480,0.00003,0.00260,0.00300,0.00780,0.02050,0.20500,0.01080,0.01320,0.01750,0.03240,0.00780,25.20000,1,0.435000,0.775000,-5.400000,0.235000,2.050000,0.185000
early_patient_3,170.80000,185.60000,155.40000,0.00550,0.00004,0.00290,0.00340,0.00870,0.02300,0.23500,0.01200,0.01450,0.01950,0.03600,0.00850,24.10000,1,0.460000,0.785000,-5.100000,0.250000,2.150000,0.210000
early_patient_4,185.20000,200.50000,170.90000,0.00460,0.00003,0.00240,0.00280,0.00720,0.01950,0.19000,0.01020,0.01250,0.01680,0.03060,0.00720,26.30000,1,0.425000,0.770000,-5.600000,0.220000,2.000000,0.170000
early_patient_5,178.90000,194.20000,163.70000,0.00510,0.00004,0.00270,0.00310,0.00810,0.02150,0.21500,0.01130,0.01360,0.01820,0.03390,0.00800,24.80000,1,0.445000,0.778000,-5.300000,0.238000,2.080000,0.195000
healthy_control_1,195.20000,210.80000,180.40000,0.00180,0.00001,0.00095,0.00110,0.00285,0.00850,0.08500,0.00450,0.00520,0.00680,0.01350,0.00250,28.50000,0,0.380000,0.750000,-7.200000,0.180000,1.800000,0.090000
healthy_control_2,188.70000,205.30000,172.10000,0.00160,0.00001,0.00085,0.00100,0.00255,0.00780,0.07800,0.00410,0.00480,0.00620,0.01230,0.00230,29.20000,0,0.370000,0.745000,-7.400000,0.175000,1.750000,0.085000
healthy_control_3,192.40000,208.90000,176.80000,0.00170,0.00001,0.00090,0.00105,0.00270,0.00820,0.08200,0.00430,0.00500,0.00650,0.01290,0.00240,28.90000,0,0.375000,0.748000,-7.300000,0.178000,1.775000,0.088000