name,MDVP:Fo(Hz),MDVP:Fhi(Hz),MDVP:Flo(Hz),MDVP:Jitter(%),MDVP:Jitter(Abs),MDVP:RAP,MDVP:PPQ,Jitter:DDP,MDVP:Shimmer,MDVP:Shimmer(dB),Shimmer:APQ3,Shimmer:APQ5,MDVP:APQ,Shimmer:DDA,NHR,HNR,status,RPDE,DFA,spread1,spread2,D2,PPE
advanced_patient_1,110.30000,145.80000,95.70000,0.01850,0.00015,0.00920,0.01250,0.02760,0.08500,0.78000,0.04200,0.06100,0.05800,0.12600,0.03200,18.20000,1,0.650000,0.850000,-3.500000,0.380000,2.800000,0.450000
advanced_patient_2,105.80000,138.60000,92.40000,0.02100,0.00018,0.01050,0.01420,0.03150,0.09200,0.85000,0.04600,0.06700,0.06300,0.13800,0.03600,17.50000,1,0.680000,0.870000,-3.200000,0.420000,2.950000,0.490000
advanced_patient_3,125.60000,158.90000,108.30000,0.01650,0.00013,0.00820,0.01100,0.02460,0.07800,0.72000,0.03900,0.05650,0.05200,0.11700,0.02900,19.10000,1,0.620000,0.830000,-3.800000,0.350000,2.650000,0.420000
advanced_patient_4,98.20000,128.40000,85.60000,0.02350,0.00020,0.01180,0.01580,0.03540,0.10500,0.92000,0.05200,0.07400,0.07100,0.15600,0.04100,16.80000,1,0.710000,0.890000,-2.900000,0.460000,3.100000,0.520000
advanced_patient_5,115.40000,149.20000,98.80000,0.01950,0.00016,0.00970,0.01320,0.02910,0.08900,0.82000,0.04400,0.06300,0.06000,0.13200,0.03400,18.60000,1,0.660000,0.860000,-3.600000,0.390000,2.750000,0.470000