name,MDVP:Fo(Hz),MDVP:Fhi(Hz),MDVP:Flo(Hz),MDVP:Jitter(%),MDVP:Jitter(Abs),MDVP:RAP,MDVP:PPQ,Jitter:DDP,MDVP:Shimmer,MDVP:Shimmer(dB),Shimmer:APQ3,Shimmer:APQ5,MDVP:APQ,Shimmer:DDA,NHR,HNR,status,RPDE,DFA,spread1,spread2,D2,PPE
sample_1,119.992,157.302,74.997,0.00784,0.00007,0.0037,0.00554,0.01109,0.04374,0.426,0.02182,0.0313,0.02971,0.06545,0.02211,21.033,1,0.414783,0.815285,-4.813031,0.266482,2.301442,0.284654
sample_2,122.4,148.45,113.819,0.00968,0.00008,0.00465,0.00696,0.01394,0.06134,0.626,0.03134,0.04518,0.04368,0.09403,0.01929,19.085,1,0.458359,0.819521,-4.075192,0.335590,2.486855,0.368674
sample_3,116.682,131.111,111.555,0.0105,0.00009,0.00544,0.00781,0.01633,0.05233,0.482,0.02757,0.03858,0.0359,0.0827,0.01309,20.651,1,0.429895,0.825288,-4.443179,0.311173,2.342259,0.332634 