name,MDVP:Fo(Hz),MDVP:Fhi(Hz),MDVP:Flo(Hz),MDVP:Jitter(%),MDVP:Jitter(Abs),MDVP:RAP,MDVP:PPQ,Jitter:DDP,MDVP:Shimmer,MDVP:Shimmer(dB),Shimmer:APQ3,Shimmer:APQ5,MDVP:APQ,Shimmer:DDA,NHR,HNR,status,RPDE,DFA,spread1,spread2,D2,PPE
phon_R01_S01_1,119.99200,157.30200,74.99700,0.00784,0.00007,0.00370,0.00554,0.01109,0.04374,0.42600,0.02182,0.03130,0.02971,0.06545,0.02211,21.03300,1,0.414783,0.815285,-4.813031,0.266482,2.301442,0.284654
phon_R01_S01_2,122.40000,148.65000,113.81900,0.00968,0.00008,0.00465,0.00696,0.01394,0.06134,0.62600,0.03134,0.04518,0.04368,0.09403,0.01929,19.08500,1,0.458359,0.819521,-4.075192,0.335590,2.486855,0.368674
phon_R01_S01_3,116.68200,131.11100,111.55500,0.01050,0.00009,0.00544,0.00781,0.01633,0.05233,0.48200,0.02757,0.03858,0.03590,0.08270,0.01309,20.65100,1,0.429895,0.825288,-4.443179,0.311173,2.342259,0.332634
phon_R01_S07_1,197.07600,206.89600,192.05500,0.00289,0.00001,0.00166,0.00168,0.00498,0.01098,0.09700,0.00563,0.00680,0.00802,0.01689,0.00339,26.77500,0,0.422229,0.741367,-7.348300,0.177551,1.743867,0.085569
phon_R01_S07_2,199.22800,209.51200,192.09100,0.00241,0.00001,0.00134,0.00138,0.00402,0.01015,0.08900,0.00504,0.00641,0.00762,0.01513,0.00167,30.94000,0,0.432439,0.742055,-7.682587,0.173319,2.103106,0.068501 